{"cameraMode":{"drawMode":0,"name":"Shaded","section":"Shading Mode"},"sceneLighting":false,"audioPlay":false,"sceneViewState":{"showFog":true,"showMaterialUpdate":false,"showSkybox":false,"showFlares":true,"showImageEffects":true,"showParticleSystems":true},"in2DMode":false,"pivot":{"x":-5.15765905380249,"y":0.5029888153076172,"z":5.300673007965088},"rotation":{"x":-0.15652291476726533,"y":0.37934792041778567,"z":-0.0652797743678093,"w":-0.9096065163612366},"size":16.309341430664064,"orthographic":false}