{"cameraMode":{"drawMode":0,"name":"Shaded","section":"Shading Mode"},"sceneLighting":false,"audioPlay":false,"sceneViewState":{"showFog":false,"showMaterialUpdate":false,"showSkybox":false,"showFlares":false,"showImageEffects":false,"showParticleSystems":true},"in2DMode":false,"pivot":{"x":0.8323695659637451,"y":4.612899303436279,"z":-11.027664184570313},"rotation":{"x":-0.004045973531901836,"y":-0.9918361306190491,"z":0.12353014945983887,"w":-0.03252853453159332},"size":25.975692749023439,"orthographic":false}