{"cameraMode":{"drawMode":0,"name":"Shaded","section":"Shading Mode"},"sceneLighting":false,"audioPlay":false,"sceneViewState":{"showFog":false,"showMaterialUpdate":false,"showSkybox":false,"showFlares":false,"showImageEffects":false,"showParticleSystems":true},"in2DMode":false,"pivot":{"x":20.700000762939454,"y":-0.21000000834465028,"z":34.599998474121097},"rotation":{"x":0.142466738820076,"y":-0.672307014465332,"z":0.13440415263175965,"w":0.714072585105896},"size":5.7157673835754398,"orthographic":false}