{"cameraMode":{"drawMode":0,"name":"Shaded","section":"Shading Mode"},"sceneLighting":false,"audioPlay":false,"sceneViewState":{"showFog":false,"showMaterialUpdate":false,"showSkybox":false,"showFlares":false,"showImageEffects":false,"showParticleSystems":true},"in2DMode":false,"pivot":{"x":-7.572144508361816,"y":-3.5668110847473146,"z":7.6241583824157719},"rotation":{"x":0.3201436400413513,"y":-0.45247089862823489,"z":0.1780342012643814,"w":0.8131870031356812},"size":14.785148620605469,"orthographic":false}