{"cameraMode":{"drawMode":0,"name":"Shaded","section":"Shading Mode"},"sceneLighting":false,"audioPlay":false,"sceneViewState":{"showFog":false,"showMaterialUpdate":false,"showSkybox":false,"showFlares":false,"showImageEffects":false,"showParticleSystems":true},"in2DMode":false,"pivot":{"x":11.140000343322754,"y":-0.20999997854232789,"z":-2.4100000858306886},"rotation":{"x":-0.038118600845336917,"y":0.9583854079246521,"z":-0.23849748075008393,"w":-0.15291088819503785},"size":2.8578836917877199,"orthographic":false}