{"cameraMode":{"drawMode":0,"name":"Shaded","section":"Shading Mode"},"sceneLighting":false,"audioPlay":false,"sceneViewState":{"showFog":false,"showMaterialUpdate":false,"showSkybox":false,"showFlares":false,"showImageEffects":false,"showParticleSystems":true},"in2DMode":false,"pivot":{"x":0.12565356492996217,"y":-1.0659557580947877,"z":-8.203746795654297},"rotation":{"x":-0.0073361387476325039,"y":0.9817909598350525,"z":-0.1860043704509735,"w":-0.04197195544838905},"size":14.034212112426758,"orthographic":false}