{"cameraMode":{"drawMode":0,"name":"Shaded","section":"Shading Mode"},"sceneLighting":false,"audioPlay":false,"sceneViewState":{"showFog":true,"showMaterialUpdate":false,"showSkybox":false,"showFlares":true,"showImageEffects":true,"showParticleSystems":true},"in2DMode":false,"pivot":{"x":-0.19792692363262177,"y":4.576571464538574,"z":-0.5127090215682983},"rotation":{"x":-0.17096148431301118,"y":0.13317438960075379,"z":-0.023332472890615464,"w":-0.9759821891784668},"size":10.559163093566895,"orthographic":false}