{"cameraMode":{"drawMode":0,"name":"Shaded","section":"Shading Mode"},"sceneLighting":false,"audioPlay":false,"sceneViewState":{"showFog":false,"showMaterialUpdate":false,"showSkybox":false,"showFlares":false,"showImageEffects":false,"showParticleSystems":true},"in2DMode":false,"pivot":{"x":8.672511100769043,"y":3.81406307220459,"z":2.691115140914917},"rotation":{"x":-0.035169750452041629,"y":0.5897080898284912,"z":-0.02560044638812542,"w":-0.806559681892395},"size":2.2040374279022219,"orthographic":false}