{"cameraMode":{"drawMode":0,"name":"Shaded","section":"Shading Mode"},"sceneLighting":true,"audioPlay":false,"sceneViewState":{"showFog":false,"showMaterialUpdate":false,"showSkybox":false,"showFlares":false,"showImageEffects":false,"showParticleSystems":true},"in2DMode":false,"pivot":{"x":-19.070819854736329,"y":-31.526948928833009,"z":-30.14558982849121},"rotation":{"x":-0.09424226731061936,"y":0.8974366188049316,"z":-0.3609350323677063,"w":-0.23621420562267304},"size":85.1842269897461,"orthographic":false}