{"cameraMode":{"drawMode":0,"name":"Shaded","section":"Shading Mode"},"sceneLighting":false,"audioPlay":false,"sceneViewState":{"showFog":false,"showMaterialUpdate":false,"showSkybox":false,"showFlares":false,"showImageEffects":false,"showParticleSystems":true},"in2DMode":false,"pivot":{"x":-1.9960699081420899,"y":0.36000001430511477,"z":2.191561698913574},"rotation":{"x":-0.1048232838511467,"y":-0.007634129375219345,"z":0.0008779356139712036,"w":-0.9945542216300964},"size":9.5205659866333,"orthographic":false}