{"cameraMode":{"drawMode":0,"name":"Shaded","section":"Shading Mode"},"sceneLighting":false,"audioPlay":false,"sceneViewState":{"showFog":false,"showMaterialUpdate":false,"showSkybox":false,"showFlares":false,"showImageEffects":false,"showParticleSystems":true},"in2DMode":false,"pivot":{"x":2.064777135848999,"y":1.4278440475463868,"z":3.4908480644226076},"rotation":{"x":0.14397630095481873,"y":0.1597888469696045,"z":-0.023565903306007386,"w":0.9763514399528503},"size":9.373026847839356,"orthographic":false}