{"cameraMode":{"drawMode":0,"name":"Shaded","section":"Shading Mode"},"sceneLighting":false,"audioPlay":false,"sceneViewState":{"showFog":false,"showMaterialUpdate":false,"showSkybox":false,"showFlares":false,"showImageEffects":false,"showParticleSystems":true},"in2DMode":false,"pivot":{"x":41.940731048583987,"y":-89.23787689208985,"z":-183.02426147460938},"rotation":{"x":0.005901621654629707,"y":0.9809942245483398,"z":-0.19253288209438325,"w":0.028438318520784379},"size":268.7712097167969,"orthographic":false}